<?xml version="1.0"?>
<items>
  <its:rules xmlns:its="http://www.w3.org/2005/11/its" version="1.0">
    <its:translateRule selector="//item/@name" translate="yes"/>
    <its:translateRule selector="//item/@description" translate="yes"/>
    <its:translateRule selector="//item/@effect" translate="yes"/>
    <its:translateRule selector="//*" translate="no"/>
  </its:rules>
  <item id="2068" image="equipment/chest/vnecksweater.png|W:#1a0a33,380f4d,82158c,b359ab" name="Purple V-Neck Sweater" description="A thin, soft and warm purple sweater." mattack="-16" type="equip-torso" defense="8" weight="35" drawBefore="pants">
    <sprite gender="unisex">equipment/chest/vnecksweater.xml|#541f66,6c2273,992e90,b3478f</sprite>
    <sprite gender="female">equipment/chest/vnecksweater-female.xml|#541f66,6c2273,992e90,b3478f</sprite>
    <replace sprite="race">
      <item from="-100" to="-99100"/>
      <item from="-101" to="-99101"/>
      <item from="-102" to="-99102"/>
      <item from="-103" to="-99103"/>
      <item from="-104" to="-99104"/>
      <item from="-105" to="-99105"/>
    </replace>
  </item>
</items>
