<?xml version="1.0"?>
<items>
  <its:rules xmlns:its="http://www.w3.org/2005/11/its" version="1.0">
    <its:translateRule selector="//item/@name" translate="yes"/>
    <its:translateRule selector="//item/@description" translate="yes"/>
    <its:translateRule selector="//item/@effect" translate="yes"/>
    <its:translateRule selector="//*" translate="no"/>
  </its:rules>
  <item id="2079" image="equipment/chest/tnecksweater.png|W:#0b300b,195519,3e832e,3e9c3e" name="Dark Green Turtleneck Sweater" description="A thick, soft and warm dark green sweater." mattack="-12" type="equip-torso" defense="6" weight="35">
    <sprite gender="unisex">equipment/chest/tnecksweater.xml|#0b300b,195519,3e832e,3e9c3e</sprite>
    <sprite gender="female">equipment/chest/tnecksweater-female.xml|#0b300b,195519,3e832e,3e9c3e</sprite>
  </item>
</items>
