<?xml version="1.0"?>
<items>
  <its:rules xmlns:its="http://www.w3.org/2005/11/its" version="1.0">
    <its:translateRule selector="//item/@name" translate="yes"/>
    <its:translateRule selector="//item/@description" translate="yes"/>
    <its:translateRule selector="//item/@effect" translate="yes"/>
    <its:translateRule selector="//*" translate="no"/>
  </its:rules>
  <item id="731" image="equipment/legs/assassinpants.png" name="Assassin Pants" description="Pants for a master assassin." mattack="-5" type="equip-torso" defense="5" agi="8" weight="20" sellProtected="true">
    <sprite gender="unisex">equipment/legs/assassin.xml</sprite>
    <sprite gender="female">equipment/legs/assassin-female.xml</sprite>
  </item>
</items>
