<?xml version="1.0"?>
<items>
  <its:rules xmlns:its="http://www.w3.org/2005/11/its" version="1.0">
    <its:translateRule selector="//item/@name" translate="yes"/>
    <its:translateRule selector="//item/@description" translate="yes"/>
    <its:translateRule selector="//item/@effect" translate="yes"/>
    <its:translateRule selector="//*" translate="no"/>
  </its:rules>
  <item id="650" image="equipment/chest/sorcerer-robe.png|W:#000000;R:#2554c7" name="Black Evoker's Robe (Blue)" description="A blue lined black evoker's robe." mattack="20" type="equip-torso" defense="5" agi="1" weight="5">
    <sprite gender="unisex">equipment/chest/sorcerer-robe.xml|#000000;#2554c7</sprite>
    <sprite gender="female">equipment/chest/sorcerer-robe-female.xml|#000000;#2554c7</sprite>
    <replace sprite="pants">
      <item from="1172" to="648"/>
    </replace>
    <replace sprite="race">
      <item from="-100" to="-99100"/>
      <item from="-101" to="-99101"/>
      <item from="-102" to="-99102"/>
      <item from="-103" to="-99103"/>
      <item from="-104" to="-99104"/>
      <item from="-105" to="-99105"/>
    </replace>
  </item>
</items>
